"Transaction Type","Date","Amount Debited","Debit Currency","Amount Credited","Credit Currency","Buy / Sell Rate","Direction","Spot Rate","Source / Destination","Blockchain Transaction ID"
"fiat funding","2021-05-07T15:07:40+00",,,250,"CAD",,"credit",,"mrmyamashita@gmail.com",
"purchase/sale","2021-05-07T15:08:24+00",250,"CAD",0.00355033,"BTC","70415.7981","purchase",,,
"crypto cashout","2021-05-08T15:56:37+00",0.00355033,"BTC",,,,"debit","70352.0900","1MNgqcd36RuFKiTMsC7LHkZBwZaCxCGcos","a7d1fc0fe511801b792bf2a2d7251a0e0c63b02c222fdc073149abbfb53d1c6f"
"fiat funding","2021-05-19T14:59:48+00",,,2500,"CAD",,"credit",,"mrmyamashita@gmail.com",
"purchase/sale","2021-05-19T15:01:13+00",1250,"CAD",0.02712194,"BTC","46088.1479","purchase",,,
"purchase/sale","2021-05-19T15:01:25+00",1250,"CAD",0.3860544803620261,"ETH","3237.8850","purchase",,,
"fiat funding","2021-05-19T16:41:03+00",,,500,"CAD",,"credit",,"mrmyamashita@gmail.com",
"purchase/sale","2021-05-19T18:41:07+00",500,"CAD",0.1545572358158437,"ETH","3235.0475","purchase",,,
"crypto cashout","2021-05-21T04:49:37+00",0.5406117161778698,"ETH",,,,"debit","3375.4678","0x1715feca1985fe3c24c1b7e7cb17a2969b82c236","0x66cccf108495eccf132ea56859b266cce99a5d927aca00ebcb1093a462506d80"
"crypto cashout","2021-05-21T04:50:21+00",0.02712194,"BTC",,,,"debit","48394.3320","1MNgqcd36RuFKiTMsC7LHkZBwZaCxCGcos","68fe5521ef54acc7848aa65f28947bf2d4ed2630dc45b9267e7df08b82099be7"
"fiat funding","2021-05-21T05:13:27+00",,,2000,"CAD",,"credit",,"mrmyamashita@gmail.com",
"purchase/sale","2021-05-21T05:16:02+00",1250,"CAD",0.02576519,"BTC","48515.0530","purchase",,,
"purchase/sale","2021-05-21T05:16:14+00",750,"CAD",0.2233242490613422,"ETH","3358.3456","purchase",,,
"crypto cashout","2021-05-25T15:55:11+00",0.2233242490613422,"ETH",,,,"debit","3141.6741","0xeB60b73965940e0d8c54097Ac62c06d4e96B9FE3","0xae7eeb6100aeb9a762097a9b47667c10f19b600c11e0db1bbdcaafcebbb26c6b"
"crypto cashout","2021-05-25T15:57:34+00",0.02576519,"BTC",,,,"debit","46034.7860","3J1ZywQ9FhrZvEJJGtg3WGa7RBygF87yVR","84cffcf86de4765ef714219774e30fe73bda2dd131cc57825a72f788a2f99830"
"fiat funding","2021-05-25T18:57:23+00",,,3000,"CAD",,"credit",,"mrmyamashita@gmail.com",
"purchase/sale","2021-05-25T19:09:41+00",500,"CAD",0.01084222,"BTC","46115.9859","purchase",,,
"purchase/sale","2021-05-28T18:24:42+00",500,"CAD",0.01142549,"BTC","43761.7988","purchase",,,
"purchase/sale","2021-05-29T14:26:59+00",500,"CAD",0.17114667345413068,"ETH","2921.4707","purchase",,,
"purchase/sale","2021-06-04T22:12:25+00",300,"CAD",0.00660923,"BTC","45391.0379","purchase",,,
"purchase/sale","2021-06-04T22:12:51+00",300,"CAD",0.09005957985579725,"ETH","3331.1281","purchase",,,
"crypto cashout","2021-06-05T19:40:53+00",0.02887694,"BTC",,,,"debit","43597.3561","391rZooS3cJJpek65Xg9sgq4QcDG7KDeYL","54d5742ec1cebfb3e66f943a78d220a427a1f838f43757b823a6bddb8f5a02fd"
"crypto cashout","2021-06-05T19:43:07+00",0.2612062533099279,"ETH",,,,"debit","3172.4233","0xeB60b73965940e0d8c54097Ac62c06d4e96B9FE3","0x5584d97e32e609cd35a623be380cc96e0379ab85601bcd1a7362ea1cf5e497f1"
"purchase/sale","2021-06-08T02:53:31+00",600,"CAD",0.01503699,"BTC","39901.5865","purchase",,,
"purchase/sale","2021-06-08T02:55:17+00",300,"CAD",0.09852720403285248,"ETH","3044.8443","purchase",,,
"fiat funding","2021-06-08T06:46:16+00",,,2000,"CAD",,"credit",,"mrmyamashita@gmail.com",
"purchase/sale","2021-06-08T14:40:55+00",500,"CAD",0.01280519,"BTC","39046.6666","purchase",,,
"purchase/sale","2021-06-12T05:06:21+00",500,"CAD",0.17770460878275804,"ETH","2813.6580","purchase",,,
"purchase/sale","2021-06-19T19:19:26+00",500,"CAD",0.17913867722331922,"ETH","2791.1337","purchase",,,
"purchase/sale","2021-06-21T12:43:42+00",500,"CAD",0.2012160028439044,"ETH","2484.8918","purchase",,,
"fiat funding","2021-06-22T02:31:56+00",,,3000,"CAD",,"credit",,"mrmyamashita@gmail.com",
"purchase/sale","2021-06-22T12:29:23+00",500,"CAD",0.01331671,"BTC","37546.8003","purchase",,,
"purchase/sale","2021-06-25T19:57:20+00",1000,"CAD",0.02492245,"BTC","40124.4629","purchase",,,
"purchase/sale","2021-06-25T19:57:38+00",500,"CAD",0.21601045024085597,"ETH","2314.7028","purchase",,,
"purchase/sale","2021-07-19T17:02:35+00",700,"CAD",0.01766161,"BTC","39633.9768","purchase",,,
"purchase/sale","2021-07-19T17:03:02+00",300,"CAD",0.12747075834064805,"ETH","2353.4809","purchase",,,
"fiat funding","2021-08-06T04:19:30+00",,,3000,"CAD",,"credit",,"mrmyamashita@gmail.com",
"purchase/sale","2021-08-23T03:24:40+00",1500,"CAD",0.02320792,"BTC","64633.0845","purchase",,,
"purchase/sale","2021-08-23T03:24:59+00",1500,"CAD",0.34722905736898163,"ETH","4319.9150","purchase",,,
"fiat funding","2021-08-31T18:02:47+00",,,3000,"CAD",,"credit",,"mrmyamashita@gmail.com",
"purchase/sale","2021-08-31T18:09:53+00",3000,"CAD",0.04983217,"BTC","60202.0672","purchase",,,
"crypto cashout","2021-08-31T18:17:19+00",0.055,"BTC",,,,"debit","59357.1627","1MNgqcd36RuFKiTMsC7LHkZBwZaCxCGcos","6a6fc722944d68cf26300f0c295188b895b4a2ac7361030e3b5fdf8d76d7dc9c"
"fiat funding","2021-09-07T00:52:36+00",,,3000,"CAD",,"credit",,"mrmyamashita@gmail.com",
"purchase/sale","2021-09-07T04:38:51+00",3000,"CAD",0.04499567,"BTC","66673.0760","purchase",,,
"crypto cashout","2021-09-07T04:45:17+00",0.042,"BTC",,,,"debit","65990.6087","1MNgqcd36RuFKiTMsC7LHkZBwZaCxCGcos","8686437b00521baa58b6b7660073a7548231fca1e6df86e74780f87c3dbe67da"
"fiat funding","2021-09-16T16:20:58+00",,,3000,"CAD",,"credit",,"mrmyamashita@gmail.com",
"purchase/sale","2021-09-20T15:51:56+00",500,"CAD",0.00880864,"BTC","56762.4104","purchase",,,
"purchase/sale","2021-09-20T15:52:15+00",500,"CAD",0.12535587079788657,"ETH","3988.6445","purchase",,,
"purchase/sale","2021-09-28T16:13:08+00",250,"CAD",0.00468931,"BTC","53312.6590","purchase",,,
"purchase/sale","2021-10-15T21:02:14+00",1750,"CAD",0.02244171,"BTC","77979.7769","purchase",,,
"crypto cashout","2021-10-16T00:31:19+00",0.0224,"BTC",,,,"debit","76185.0107","1MNgqcd36RuFKiTMsC7LHkZBwZaCxCGcos","fba5830ff0911c25cfb81a87aee79b695fe7ca3afeaf3107856ece3676f9dbbd"
"crypto cashout","2021-10-20T16:18:29+00",0.05,"BTC",,,,"debit","82188.2376","1MNgqcd36RuFKiTMsC7LHkZBwZaCxCGcos","de50209953173651922ce25cc7b541056478492cf7cf27ec49f7309dc35e06a0"
"fiat funding","2021-11-07T03:24:22+00",,,2000,"CAD",,"credit",,"mrmyamashita@gmail.com",
"purchase/sale","2021-11-07T03:31:26+00",300,"CAD",0.00384225,"BTC","78079.1004","purchase",,,
"crypto cashout","2021-11-07T03:46:54+00",0.005,"BTC",,,,"debit","77434.1977","1PzkKRbShMzZJgbZp2GtgDcfMNSwmQrLKZ","468b8469d8f3520a1900bc2ba782ea7d26e2289bb511805c72f2877d8e637e2b"
"crypto cashout","2021-11-07T04:09:49+00",0.005,"BTC",,,,"debit","77639.9289","3NUavNZTJxqEsmNKoFgDyzE5WNz8E5t3te","1f717cc84d183dec3d9d00481ceefb11e3267c2d13c98cfa97e66b32546b9f01"
"purchase/sale","2021-11-07T04:10:27+00",300,"CAD",0.00382072,"BTC","78519.1952","purchase",,,
"purchase/sale","2021-11-11T01:46:26+00",400,"CAD",0.00490254,"BTC","81590.2549","purchase",,,
"purchase/sale","2021-11-12T19:00:52+00",250,"CAD",0.00308357,"BTC","81074.6528","purchase",,,
"purchase/sale","2021-11-16T13:57:27+00",400,"CAD",0.00521007,"BTC","76774.3464","purchase",,,
"purchase/sale","2021-11-16T13:57:44+00",350,"CAD",0.06431002480582888,"ETH","5442.3863","purchase",,,
"fiat funding","2021-11-27T06:55:39+00",,,3000,"CAD",,"credit",,"mrmyamashita@gmail.com",
"purchase/sale","2021-11-27T17:02:23+00",300,"CAD",0.00421294,"BTC","71209.0565","purchase",,,
"purchase/sale","2021-12-04T13:39:02+00",500,"CAD",0.00813697,"BTC","61447.9240","purchase",,,
"purchase/sale","2021-12-04T13:39:20+00",500,"CAD",0.09728807589823707,"ETH","5139.3760","purchase",,,
"purchase/sale","2021-12-06T16:01:03+00",500,"CAD",0.00790013,"BTC","63290.0657","purchase",,,
"crypto cashout","2021-12-06T16:22:10+00",0.008,"BTC",,,,"debit","62390.4259","1MNgqcd36RuFKiTMsC7LHkZBwZaCxCGcos","81a71a616cc2cdefb31490764b78daad45730762355687ce919f9aa1d7f32fa2"
"card transactions","2021-12-09T00:34:07+00",58.88,"CAD",,,,"debit",,"SAVE ON FOODS 6635",
"card transactions","2021-12-09T20:06:44+00",4.4,"CAD",,,,"debit",,"BEAMERS COFFEE BAR LT",
"card cashbacks","2021-12-10T15:21:50+00",,,0.00001893,"BTC",,"credit","61489.1547","@cashbacks",
"card cashbacks","2021-12-10T15:22:03+00",,,0.00000141,"BTC",,"credit","61417.9631","@cashbacks",
"card transactions","2021-12-11T19:33:36+00",23.1,"CAD",,,,"debit",,"MONTROSE PET CLINIC",
"card transactions","2021-12-11T19:38:14+00",195.82,"CAD",,,,"debit",,"MONTROSE PET CLINIC",
"card cashbacks","2021-12-12T14:41:27+00",,,0.0000613,"BTC",,"credit","63179.4118","@cashbacks",
"card cashbacks","2021-12-12T14:50:30+00",,,0.00000719,"BTC",,"credit","63464.0114","@cashbacks",
"purchase/sale","2021-12-13T19:09:05+00",500,"CAD",0.101388845365827,"ETH","4931.5090","purchase",,,
"card transactions","2021-12-13T23:44:17+00",9.52,"CAD",,,,"debit",,"SOBEYS BEAUMONT 5076",
"card cashbacks","2021-12-16T14:41:27+00",,,0.00000302,"BTC",,"credit","62258.1988","@cashbacks",
"card transactions","2021-12-16T16:13:18+00",27.28,"CAD",,,,"debit",,"CDN TIRE STORE 00329",
"card transactions","2021-12-16T21:43:45+00",5.78,"CAD",,,,"debit",,"SAFEWAY 8912",
"card transactions","2021-12-17T17:14:14+00",88.96,"CAD",,,,"debit",,"SAFEWAY 8919",
"card transactions","2021-12-17T17:26:05+00",39.53,"CAD",,,,"debit",,"SAFEWAY LIQUOR 8981",
"card cashbacks","2021-12-18T15:24:59+00",,,0.00000887,"BTC",,"credit","60789.1755","@cashbacks",
"card cashbacks","2021-12-19T15:31:57+00",,,0.00001281,"BTC",,"credit","61010.9016","@cashbacks",
"card cashbacks","2021-12-19T15:40:49+00",,,0.00000187,"BTC",,"credit","60906.0733","@cashbacks",
"card cashbacks","2021-12-20T15:03:02+00",,,0.00002939,"BTC",,"credit","59843.1045","@cashbacks",
"card transactions","2021-12-20T21:47:04+00",15.09,"CAD",,,,"debit",,"AW  1589",
"card transactions","2021-12-21T16:11:51+00",4.6,"CAD",,,,"debit",,"BEAMERS COFFEE BAR LT",
"card transactions","2021-12-22T00:28:37+00",40.67,"CAD",,,,"debit",,"SAVE ON FOODS 6635",
"card cashbacks","2021-12-22T14:42:52+00",,,0.00000475,"BTC",,"credit","62815.6652","@cashbacks",
"card cashbacks","2021-12-22T15:23:09+00",,,0.00000144,"BTC",,"credit","62909.8451","@cashbacks",
"card cashbacks","2021-12-23T15:42:35+00",,,0.00001286,"BTC",,"credit","62516.5549","@cashbacks",
"fiat funding","2021-12-23T16:50:18+00",,,500,"CAD",,"credit",,"mrmyamashita@gmail.com",
"purchase/sale","2021-12-31T19:41:11+00",500,"CAD",0.10683914156370726,"ETH","4679.9328","purchase",,,
"card transactions","2022-01-02T00:21:17+00",16.14,"CAD",,,,"debit",,"CORK N BOTTLE BEER WIN",
"card transactions","2022-01-02T00:25:53+00",28.88,"CAD",,,,"debit",,"ROCKET PIE INC",
"card cashbacks","2022-01-02T12:12:26+00",,,0.00000535,"BTC",,"credit","59562.6579","@cashbacks",
"card cashbacks","2022-01-02T14:26:29+00",,,0.00000959,"BTC",,"credit","59544.3185","@cashbacks",
"card transactions","2022-01-03T00:45:38+00",31.6,"CAD",,,,"debit",,"SKILOUISE FOOD AND BEV",
"card cashbacks","2022-01-03T12:55:47+00",,,0.00001043,"BTC",,"credit","59877.4923","@cashbacks",
"fiat funding","2022-01-07T08:03:22+00",,,3000,"CAD",,"credit",,"mrmyamashita@gmail.com",
"purchase/sale","2022-01-07T14:54:54+00",500,"CAD",0.00928948,"BTC","53824.3027","purchase",,,
"purchase/sale","2022-01-07T14:55:10+00",500,"CAD",0.12098560809302202,"ETH","4132.7230","purchase",,,
"card transactions","2022-01-07T21:55:21+00",46.99,"CAD",,,,"debit",,"WHISTLER HAPPY PETS",
"card cashbacks","2022-01-09T15:04:43+00",,,0.00001767,"BTC",,"credit","52589.1801","@cashbacks",
"purchase/sale","2022-01-10T14:44:07+00",300,"CAD",0.00573798,"BTC","52283.1937","purchase",,,
"purchase/sale","2022-01-10T14:44:15+00",300,"CAD",0.07756734524220527,"ETH","3867.6069","purchase",,,
"card transactions","2022-01-11T14:36:13+00",8.3,"CAD",,,,"debit",,"TIM HORTONS 4779",
"card cashbacks","2022-01-12T15:34:42+00",,,0.000003,"BTC",,"credit","54593.7293","@cashbacks",
"purchase/sale","2022-01-21T02:18:46+00",300,"CAD",0.00594996,"BTC","50420.4918","purchase",,,
"purchase/sale","2022-01-21T02:18:59+00",300,"CAD",0.08100988347165046,"ETH","3703.2518","purchase",,,
"purchase/sale","2022-01-21T14:58:59+00",300,"CAD",0.00617161,"BTC","48609.6511","purchase",,,
"purchase/sale","2022-01-21T14:59:10+00",300,"CAD",0.08513990980104627,"ETH","3523.6119","purchase",,,
"fiat funding","2022-01-21T15:33:11+00",,,3000,"CAD",,"credit",,"mrmyamashita@gmail.com",
"card transactions","2022-01-21T21:01:05+00",11.53,"CAD",,,,"debit",,"CDN TIRE STORE 00302",
"purchase/sale","2022-01-21T21:37:28+00",1000,"CAD",0.29411764705882354,"ETH","3400.0000","purchase",,,
"card transactions","2022-01-22T00:04:29+00",52.49,"CAD",,,,"debit",,"IKEA CALGARY",
"card cashbacks","2022-01-22T16:12:24+00",,,0.00002336,"BTC",,"credit","44367.8298","@cashbacks",
"purchase/sale","2022-01-22T16:55:48+00",250,"CAD",0.00559471,"BTC","44685.0681","purchase",,,
"purchase/sale","2022-01-22T16:55:59+00",250,"CAD",0.08016955516599913,"ETH","3118.3908","purchase",,,
"card transactions","2022-01-23T14:25:38+00",9.32,"CAD",,,,"debit",,"TIM HORTONS 6931",
"card transactions","2022-01-23T23:45:08+00",51.16,"CAD",,,,"debit",,"SAFEWAY 8919",
"purchase/sale","2022-01-24T15:37:19+00",300,"CAD",0.00684783,"BTC","43809.4536","purchase",,,
"purchase/sale","2022-01-24T15:37:31+00",300,"CAD",0.10320254521005347,"ETH","2906.9051","purchase",,,
"card cashbacks","2022-01-24T16:32:33+00",,,0.00000422,"BTC",,"credit","43565.6873","@cashbacks",
"card transactions","2022-01-25T01:17:58+00",47.44,"CAD",,,,"debit",,"SAVE ON FOODS 6635",
"card transactions","2022-01-25T14:44:48+00",9.03,"CAD",,,,"debit",,"AW  1589",
"card cashbacks","2022-01-25T14:56:23+00",,,0.00000494,"BTC",,"credit","46073.6060","@cashbacks",
"card cashbacks","2022-01-26T14:58:44+00",,,0.00002104,"BTC",,"credit","48088.0658","@cashbacks",
"card cashbacks","2022-01-26T15:46:33+00",,,0.00001954,"BTC",,"credit","48018.7133","@cashbacks",
"card transactions","2022-01-27T01:26:52+00",250,"CAD",,,,"debit",,"ESSO 7ELEVEN 37797",
"card cashbacks","2022-01-27T14:43:15+00",,,0.00000381,"BTC",,"credit","46809.7257","@cashbacks",
"card transactions","2022-01-28T19:33:34+00",57.48,"CAD",,,,"debit",,"THRIFTYS 9399",
"card transactions","2022-01-29T14:49:19+00",,,144.13,"CAD",,"credit",,"transaction reversal",
"card cashbacks","2022-01-29T15:02:23+00",,,0.00004365,"BTC",,"credit","47946.8967","@cashbacks",
"card cashbacks","2022-01-29T15:44:44+00",,,0.00002369,"BTC",,"credit","47982.4914","@cashbacks",
"card transactions","2022-02-01T01:00:03+00",59.89,"CAD",,,,"debit",,"SAVE ON FOODS 6635",
"card cashbacks","2022-02-02T15:01:23+00",,,0.0000247,"BTC",,"credit","47952.8220","@cashbacks",
"card transactions","2022-02-02T20:17:02+00",45.17,"CAD",,,,"debit",,"SAFEWAY 8919",
"card transactions","2022-02-03T21:40:49+00",10.86,"CAD",,,,"debit",,"SAVE ON FOODS 6635",
"card transactions","2022-02-04T20:18:27+00",89.48,"CAD",,,,"debit",,"CDN TIRE STORE 00469",
"card transactions","2022-02-04T20:39:48+00",67.18,"CAD",,,,"debit",,"VALLEY BUILDING MATERI",
"card cashbacks","2022-02-05T15:16:51+00",,,0.00001678,"BTC",,"credit","53206.0797","@cashbacks",
"card cashbacks","2022-02-05T16:16:45+00",,,0.00000404,"BTC",,"credit","53103.9587","@cashbacks",
"card cashbacks","2022-02-05T16:23:14+00",,,0.00002497,"BTC",,"credit","53198.3297","@cashbacks",
"card transactions","2022-02-07T20:27:52+00",55.63,"CAD",,,,"debit",,"CDN TIRE STORE 00469",
"card transactions","2022-02-07T20:41:43+00",29.45,"CAD",,,,"debit",,"SAVE ON FOODS 6635",
"card cashbacks","2022-02-08T15:32:42+00",,,0.00003221,"BTC",,"credit","54944.3335","@cashbacks",
"card transactions","2022-02-09T03:17:37+00",57.72,"CAD",,,,"debit",,"SAFEWAY 8919",
"card cashbacks","2022-02-09T14:42:44+00",,,0.00001961,"BTC",,"credit","56092.4818","@cashbacks",
"card cashbacks","2022-02-09T15:22:58+00",,,0.00001043,"BTC",,"credit","55818.1666","@cashbacks",
"card cashbacks","2022-02-11T15:56:29+00",,,0.00002056,"BTC",,"credit","55517.2628","@cashbacks",
"card transactions","2022-02-11T19:24:46+00",250,"CAD",,,,"debit",,"PETROCANADA",
"card transactions","2022-02-11T19:38:38+00",11.43,"CAD",,,,"debit",,"MCDONALDS 29010",
"card transactions","2022-02-11T20:14:54+00",82.2,"CAD",,,,"debit",,"SAFEWAY 8919",
"card transactions","2022-02-13T14:27:58+00",,,130.22,"CAD",,"credit",,"transaction reversal",
"card cashbacks","2022-02-13T14:52:39+00",,,0.000044,"BTC",,"credit","53826.4219","@cashbacks",
"card cashbacks","2022-02-13T14:57:18+00",,,0.00000417,"BTC",,"credit","54076.3066","@cashbacks",
"card cashbacks","2022-02-14T14:51:58+00",,,0.00002988,"BTC",,"credit","54407.8886","@cashbacks",
"card transactions","2022-02-18T02:54:01+00",79.21,"CAD",,,,"debit",,"SAFEWAY 8919",
"card cashbacks","2022-02-20T14:33:38+00",,,0.00003218,"BTC",,"credit","48663.3495","@cashbacks",
"card transactions","2022-02-27T21:40:37+00",21.55,"CAD",,,,"debit",,"SAVE ON FOODS",
"card cashbacks","2022-03-01T16:02:37+00",,,0.00000771,"BTC",,"credit","55228.3711","@cashbacks",
"fiat funding","2022-03-03T19:34:47+00",,,1000,"CAD",,"credit",,"mrmyamashita@gmail.com",
"purchase/sale","2022-03-06T15:00:33+00",250,"CAD",0.0050039,"BTC","49960.9657","purchase",,,
"purchase/sale","2022-03-06T15:00:47+00",250,"CAD",0.07371308087208978,"ETH","3391.5283","purchase",,,
"card transactions","2022-03-07T01:46:56+00",40.94,"CAD",,,,"debit",,"SAVE ON FOODS 6635",
"card transactions","2022-03-07T14:36:10+00",3.72,"CAD",,,,"debit",,"22176 MACS CONV STORE",
"card cashbacks","2022-03-08T16:46:12+00",,,0.0000746,"BTC",,"credit","49310.4175","@cashbacks",
"card cashbacks","2022-03-08T17:21:37+00",,,0.00001613,"BTC",,"credit","50179.3231","@cashbacks",
"card transactions","2022-03-09T02:39:58+00",65.38,"CAD",,,,"debit",,"SAFEWAY 8919",
"card transactions","2022-03-10T23:17:54+00",30.59,"CAD",,,,"debit",,"SAFEWAY LIQUOR 8981",
"card transactions","2022-03-11T00:00:46+00",13.38,"CAD",,,,"debit",,"SAVE ON FOODS 6635",
"card transactions","2022-03-11T03:55:00+00",74.03,"CAD",,,,"debit",,"WILD ORCHID BISTRO",
"card transactions","2022-03-11T06:23:28+00",17.41,"CAD",,,,"debit",,"MCDONALDS 29010",
"card cashbacks","2022-03-11T22:42:42+00",,,0.000026,"BTC",,"credit","49721.2600","@cashbacks",
"card cashbacks","2022-03-11T23:43:33+00",,,0.0000295,"BTC",,"credit","49619.0715","@cashbacks",
"card transactions","2022-03-12T01:24:26+00",75.58,"CAD",,,,"debit",,"SAVE ON FOODS 6635",
"card cashbacks","2022-03-12T15:34:21+00",,,0.00001217,"BTC",,"credit","49691.9876","@cashbacks",
"card cashbacks","2022-03-12T15:54:45+00",,,0.00000689,"BTC",,"credit","49904.8842","@cashbacks",
"card cashbacks","2022-03-12T16:35:42+00",,,0.00000529,"BTC",,"credit","49929.5682","@cashbacks",
"card transactions","2022-03-13T02:23:29+00",33.25,"CAD",,,,"debit",,"CDN TIRE STORE 00469",
"card cashbacks","2022-03-13T15:24:58+00",,,0.00003004,"BTC",,"credit","49752.6192","@cashbacks",
"card cashbacks","2022-03-15T14:15:19+00",,,0.00001321,"BTC",,"credit","49771.6566","@cashbacks",
"card transactions","2022-03-16T00:35:54+00",48.78,"CAD",,,,"debit",,"CDN TIRE STORE 00469",
"card cashbacks","2022-03-17T14:14:28+00",,,0.0009259,"BTC",,"credit","52101.5447","@cashbacks",
"card transactions","2022-03-21T00:29:00+00",11.85,"CAD",,,,"debit",,"AW 1534",
"card cashbacks","2022-03-23T15:24:10+00",,,0.00000439,"BTC",,"credit","53300.2286","@cashbacks",
"card transactions","2022-04-01T19:04:57+00",19.6,"CAD",,,,"debit",,"SAFEWAY 8919",
"card transactions","2022-04-01T19:26:14+00",10.68,"CAD",,,,"debit",,"JK BAKERY CAFE",
"card transactions","2022-04-02T00:18:01+00",23.74,"CAD",,,,"debit",,"SAVE ON FOODS 6635",
"card cashbacks","2022-04-02T12:01:26+00",,,0.00000362,"BTC",,"credit","58282.5973","@cashbacks",
"card cashbacks","2022-04-03T15:31:19+00",,,0.00000806,"BTC",,"credit","58214.5438","@cashbacks",
"card cashbacks","2022-04-04T14:45:03+00",,,0.00000675,"BTC",,"credit","57406.9742","@cashbacks",
"fiat funding","2022-04-04T16:03:35+00",,,3000,"CAD",,"credit",,"mrmyamashita@gmail.com",
"purchase/sale","2022-04-04T16:46:30+00",500,"CAD",0.00865441,"BTC","57774.0074","purchase",,,
"purchase/sale","2022-04-04T16:46:44+00",500,"CAD",0.11452882001975984,"ETH","4365.7134","purchase",,,
"purchase/sale","2022-04-05T23:38:20+00",500,"CAD",0.00863152,"BTC","57927.2161","purchase",,,
"purchase/sale","2022-04-05T23:38:54+00",500,"CAD",0.11476568890946766,"ETH","4356.7028","purchase",,,
"purchase/sale","2022-04-06T20:57:36+00",500,"CAD",0.00896733,"BTC","55757.9272","purchase",,,
"purchase/sale","2022-04-06T20:57:58+00",500,"CAD",0.12139795257545698,"ETH","4118.6856","purchase",,,
"card transactions","2022-04-07T02:38:25+00",5.98,"CAD",,,,"debit",,"SAVE ON FOODS 6635",
"card cashbacks","2022-04-08T16:02:11+00",,,0.00000215,"BTC",,"credit","54939.2099","@cashbacks",
"card transactions","2022-04-10T22:12:42+00",14.89,"CAD",,,,"debit",,"MCDONALDS 29010",
"card cashbacks","2022-04-11T15:24:50+00",,,0.00000571,"BTC",,"credit","51577.4992","@cashbacks",
"card transactions","2022-04-12T17:52:13+00",13.51,"CAD",,,,"debit",,"ROCKY MOUNTAN BAGEL CO",
"card cashbacks","2022-04-13T14:12:37+00",,,0.00000519,"BTC",,"credit","51420.6877","@cashbacks",
"card transactions","2022-04-14T00:44:53+00",45.64,"CAD",,,,"debit",,"SAFEWAY 8919",
"card transactions","2022-04-14T02:46:49+00",31.28,"CAD",,,,"debit",,"SHOPPERS DRUG MART 2332",
"card cashbacks","2022-04-14T11:50:48+00",,,0.00001204,"BTC",,"credit","51349.3815","@cashbacks",
"card cashbacks","2022-04-16T15:21:25+00",,,0.00001777,"BTC",,"credit","50785.2706","@cashbacks",
"fiat funding","2022-04-25T03:08:14+00",,,3000,"CAD",,"credit",,"mrmyamashita@gmail.com",
"purchase/sale","2022-04-25T03:27:30+00",200,"CAD",0.00395746,"BTC","50537.4522","purchase",,,
"purchase/sale","2022-04-25T03:27:50+00",150,"CAD",0.040448390294336126,"ETH","3708.4294","purchase",,,
"purchase/sale","2022-04-26T21:37:02+00",200,"CAD",0.00402552,"BTC","49682.9473","purchase",,,
"purchase/sale","2022-04-26T21:37:14+00",200,"CAD",0.05431433806288578,"ETH","3682.2689","purchase",,,
"purchase/sale","2022-04-29T14:18:55+00",250,"CAD",0.00496467,"BTC","50355.7259","purchase",,,
"purchase/sale","2022-04-29T14:19:22+00",200,"CAD",0.054032294783291586,"ETH","3701.4900","purchase",,,
"purchase/sale","2022-04-30T15:15:30+00",100,"CAD",0.00200442,"BTC","49889.6881","purchase",,,
"purchase/sale","2022-04-30T15:15:47+00",100,"CAD",0.02746118967176127,"ETH","3641.5028","purchase",,,
"card transactions","2022-05-02T15:58:23+00",104.69,"CAD",,,,"debit",,"TIMOTHY D TOOHEY PROF",
"purchase/sale","2022-05-03T19:18:13+00",100,"CAD",0.00203917,"BTC","49039.3405","purchase",,,
"purchase/sale","2022-05-03T19:18:26+00",100,"CAD",0.027605587864441537,"ETH","3622.4550","purchase",,,
"purchase/sale","2022-05-05T17:46:38+00",250,"CAD",0.0052197,"BTC","47895.4711","purchase",,,
"purchase/sale","2022-05-05T17:46:56+00",250,"CAD",0.06972979825737026,"ETH","3585.2678","purchase",,,
"purchase/sale","2022-05-06T05:21:24+00",100,"CAD",0.00211305,"BTC","47324.8700","purchase",,,
"purchase/sale","2022-05-06T05:21:38+00",100,"CAD",0.02796483328661934,"ETH","3575.9198","purchase",,,
"card cashbacks","2022-05-06T14:31:04+00",,,0.00004491,"BTC",,"credit","46097.0495","@cashbacks",
"purchase/sale","2022-05-07T21:54:33+00",100,"CAD",0.00218381,"BTC","45791.4346","purchase",,,
"purchase/sale","2022-05-07T21:54:45+00",100,"CAD",0.029046359522354136,"ETH","3442.7722","purchase",,,
"purchase/sale","2022-05-08T03:35:23+00",150,"CAD",0.00335215,"BTC","44747.3158","purchase",,,
"purchase/sale","2022-05-08T03:35:34+00",150,"CAD",0.00335282,"BTC","44738.3887","purchase",,,
"fiat funding","2022-05-08T22:28:02+00",,,1000,"CAD",,"credit",,"mrmyamashita@gmail.com",
"purchase/sale","2022-05-09T15:06:21+00",200,"CAD",0.0046826,"BTC","42711.2758","purchase",,,
"purchase/sale","2022-05-09T15:06:33+00",200,"CAD",0.06351736453127756,"ETH","3148.7453","purchase",,,
"purchase/sale","2022-05-09T23:51:14+00",100,"CAD",0.00249868,"BTC","40021.1092","purchase",,,
"purchase/sale","2022-05-10T15:50:17+00",250,"CAD",0.006068,"BTC","41199.7062","purchase",,,
"purchase/sale","2022-05-11T20:24:19+00",100,"CAD",0.00261867,"BTC","38187.2808","purchase",,,
"purchase/sale","2022-05-11T20:24:33+00",100,"CAD",0.03606385710102866,"ETH","2772.8593","purchase",,,
"purchase/sale","2022-05-14T14:50:42+00",100,"CAD",0.00266133,"BTC","37575.1296","purchase",,,
"card transactions","2022-05-15T15:43:20+00",2.51,"CAD",,,,"debit",,"AW  1589",
"fiat funding","2022-05-15T17:45:10+00",,,2000,"CAD",,"credit",,"mrmyamashita@gmail.com",
"purchase/sale","2022-05-16T00:26:42+00",100,"CAD",0.00246725,"BTC","40530.8934","purchase",,,
"purchase/sale","2022-05-16T00:26:56+00",100,"CAD",0.036028945134785016,"ETH","2775.5462","purchase",,,
"card transactions","2022-05-17T01:34:14+00",42.69,"CAD",,,,"debit",,"SAVE ON FOODS 6635",
"purchase/sale","2022-05-17T03:14:53+00",100,"CAD",0.00255965,"BTC","39067.7047","purchase",,,
"purchase/sale","2022-05-17T03:15:07+00",100,"CAD",0.03744251128156155,"ETH","2670.7610","purchase",,,
"card cashbacks","2022-05-17T14:55:36+00",,,0.00000128,"BTC",,"credit","38631.8528","@cashbacks",
"card transactions","2022-05-18T14:19:12+00",2.05,"CAD",,,,"debit",,"MCDONALDS 29010",
"card cashbacks","2022-05-18T15:07:29+00",,,0.0000226,"BTC",,"credit","37359.1297","@cashbacks",
"purchase/sale","2022-05-19T01:30:15+00",100,"CAD",0.039574634352547565,"ETH","2526.8711","purchase",,,
"card cashbacks","2022-05-19T15:44:36+00",,,0.00000104,"BTC",,"credit","38866.4737","@cashbacks",
"purchase/sale","2022-05-20T16:20:23+00",100,"CAD",0.00266289,"BTC","37553.1442","purchase",,,
"purchase/sale","2022-05-20T16:20:42+00",100,"CAD",0.03962007907783682,"ETH","2523.9728","purchase",,,
"card transactions","2022-05-22T03:26:09+00",5.03,"CAD",,,,"debit",,"CANMORES CONVENIENCE",
"card cashbacks","2022-05-23T15:25:32+00",,,0.00000256,"BTC",,"credit","38807.1313","@cashbacks",
"purchase/sale","2022-05-23T17:08:42+00",100,"CAD",0.002571,"BTC","38895.3255","purchase",,,
"purchase/sale","2022-05-23T23:10:44+00",200,"CAD",0.00532843,"BTC","37534.4761","purchase",,,
"purchase/sale","2022-05-23T23:11:00+00",100,"CAD",0.03923583443749093,"ETH","2548.6905","purchase",,,
"purchase/sale","2022-05-27T02:31:46+00",150,"CAD",0.00401423,"BTC","37367.0175","purchase",,,
"purchase/sale","2022-05-27T02:32:02+00",250,"CAD",0.11047986574165275,"ETH","2262.8558","purchase",,,
"purchase/sale","2022-05-29T04:08:47+00",400,"CAD",0.01073561,"BTC","37259.1727","purchase",,,
"card transactions","2022-06-05T18:29:03+00",3.58,"CAD",,,,"debit",,"FGP40123 FAS GAS CANMO",
"card transactions","2022-06-05T19:50:27+00",9.54,"CAD",,,,"debit",,"SAFEWAY 8919",
"card cashbacks","2022-06-06T12:33:17+00",,,0.00000179,"BTC",,"credit","39450.9289","@cashbacks",
"card cashbacks","2022-06-08T14:31:00+00",,,0.00000493,"BTC",,"credit","38201.2402","@cashbacks",
"card transactions","2022-06-09T15:06:22+00",3.86,"CAD",,,,"debit",,"BEAMERS COFFEE BAR LTD",
"card transactions","2022-06-10T03:00:19+00",3.73,"CAD",,,,"debit",,"22176 MACS CONV STORE",
"card cashbacks","2022-06-10T15:12:03+00",,,0.00000202,"BTC",,"credit","37736.3338","@cashbacks",
"card cashbacks","2022-06-11T16:44:19+00",,,0.00000203,"BTC",,"credit","36210.3404","@cashbacks",
"fiat funding","2022-06-11T19:36:36+00",,,1000,"CAD",,"credit",,"mrmyamashita@gmail.com",
"purchase/sale","2022-06-11T19:45:52+00",500,"CAD",0.24919996598773106,"ETH","2006.4208","purchase",,,
"purchase/sale","2022-06-11T19:46:13+00",250,"CAD",0.00675454,"BTC","37012.1395","purchase",,,
"purchase/sale","2022-06-13T02:50:17+00",100,"CAD",0.05709775206210852,"ETH","1751.3824","purchase",,,
"purchase/sale","2022-06-14T15:37:39+00",100,"CAD",0.00339143,"BTC","29486.0482","purchase",,,
"crypto cashout","2022-06-18T19:52:25+00",0.25641731,"BTC",,,,"debit","23481.8889","3BUrC7HJrHHRag6M9VHtiACSjhKXdfwmd3","579fee54c42feca4894f9f5902951a91f3ec5e2426b2d28c8a22a186b6696554"
"crypto cashout","2022-06-18T20:04:36+00",4.147940355135462,"ETH",,,,"debit","1186.0566","0xeB60b73965940e0d8c54097Ac62c06d4e96B9FE3","0xb25114b83b992a06a7ae4e257fffe71b3d86cdfa78a4c000449681a461d8a96c"
"purchase/sale","2022-06-20T01:19:08+00",100,"CAD",0.00383809,"BTC","26054.5865","purchase",,,
"card transactions","2022-06-28T13:44:43+00",6.28,"CAD",,,,"debit",,"SOBEYS BEAUMONT 5076",
"card cashbacks","2022-07-01T17:12:22+00",,,0.00000496,"BTC",,"credit","25006.5184","@cashbacks",
"fiat funding","2022-07-18T03:53:22+00",,,1000,"CAD",,"credit",,"mrmyamashita@gmail.com",
"purchase/sale","2022-07-18T15:40:53+00",100,"CAD",0.00341456,"BTC","29286.3139","purchase",,,
"crypto funding","2022-07-19T19:51:23+00",,,0.00110634,"BTC",,"credit","30245.9165",,"12f0c086ee191dfb1e1f92c00315cff6abfec48acabb887bcd08fe7a519d2f2a"
"card transactions","2022-07-21T03:01:54+00",49.79,"CAD",,,,"debit",,"SAFEWAY 8919",
"card cashbacks","2022-07-23T13:20:54+00",,,0.00003413,"BTC",,"credit","28852.7605","@cashbacks",
"card transactions","2022-07-24T01:03:19+00",6.04,"CAD",,,,"debit",,"DOLLARAMA 0932",
"card cashbacks","2022-07-24T14:43:45+00",,,0.00000406,"BTC",,"credit","29361.2837","@cashbacks",
"purchase/sale","2022-08-04T19:13:43+00",50,"CAD",0.00170108,"BTC","29392.9744","purchase",,,
"purchase/sale","2022-08-04T19:13:56+00",50,"CAD",0.023852224364204,"ETH","2096.2406","purchase",,,
"card transactions","2022-08-11T03:46:47+00",5.78,"CAD",,,,"debit",,"22176 MACS CONV STORE",
"card cashbacks","2022-08-12T15:10:42+00",,,0.00000374,"BTC",,"credit","30491.0208","@cashbacks",
"card transactions","2022-08-13T02:15:48+00",6.29,"CAD",,,,"debit",,"CANMORES CONVENIENCE",
"card transactions","2022-08-13T20:34:38+00",17.6,"CAD",,,,"debit",,"GRIZZLY PAW BREWERY",
"card cashbacks","2022-08-14T15:23:54+00",,,0.00001112,"BTC",,"credit","31289.7443","@cashbacks",
"card cashbacks","2022-08-14T15:31:50+00",,,0.00000397,"BTC",,"credit","31316.8752","@cashbacks",
"purchase/sale","2022-08-20T13:01:18+00",100,"CAD",0.00357958,"BTC","27936.2307","purchase",,,
"purchase/sale","2022-08-20T13:01:33+00",100,"CAD",0.04657482729896517,"ETH","2147.0826","purchase",,,
"purchase/sale","2022-08-27T04:49:05+00",100,"CAD",0.00375954,"BTC","26598.9413","purchase",,,
"purchase/sale","2022-08-27T04:49:19+00",100,"CAD",0.05060224091354433,"ETH","1976.1971","purchase",,,
"card transactions","2022-08-27T20:38:46+00",74.6,"CAD",,,,"debit",,"THE HOME DEPOT 7268",
"card cashbacks","2022-08-29T12:21:26+00",,,0.00005701,"BTC",,"credit","25875.2078","@cashbacks",
"purchase/sale","2022-09-01T20:21:36+00",50,"CAD",0.00187927,"BTC","26606.0412","purchase",,,
"purchase/sale","2022-09-01T20:21:57+00",50,"CAD",0.023764353839970595,"ETH","2103.9916","purchase",,,
"purchase/sale","2022-09-05T18:23:11+00",25,"CAD",0.00095451,"BTC","26191.2897","purchase",,,
"purchase/sale","2022-09-05T18:23:26+00",25,"CAD",0.01183278736152961,"ETH","2112.7735","purchase",,,
"card transactions","2022-09-11T23:42:22+00",15.88,"CAD",,,,"debit",,"SAVE ON FOODS 6635",
"card cashbacks","2022-09-13T14:24:46+00",,,0.00001132,"BTC",,"credit","27724.1618","@cashbacks",
"purchase/sale","2022-09-20T23:28:00+00",50,"CAD",0.027849157789139854,"ETH","1795.3864","purchase",,,
"card transactions","2022-09-22T15:15:11+00",3.26,"CAD",,,,"debit",,"BEAMERS COFFEE BAR LTD",
"card cashbacks","2022-09-23T14:21:42+00",,,0.00000255,"BTC",,"credit","25168.9945","@cashbacks",
"card transactions","2022-09-24T19:36:24+00",33.14,"CAD",,,,"debit",,"PET PLANET CANMORE",
"card cashbacks","2022-09-25T13:53:50+00",,,0.00002541,"BTC",,"credit","25769.3406","@cashbacks",
"purchase/sale","2023-01-18T19:13:52+00",0.008,"BTC",223.03,"CAD","27879.1796","sale",,,
"card transactions","2023-03-04T00:02:23+00",20.78,"CAD",,,,"debit",,"TIM HORTONS 4818",
"card cashbacks","2023-03-04T10:42:53+00",,,0.00001346,"BTC",,"credit","30471.5844","@cashbacks",
"purchase/sale","2023-03-27T12:53:23+00",0.1,"ETH",236.83,"CAD","2368.3455","sale",,,
"fiat cashout","2023-04-01T02:43:52+00",443.1,"CAD",,,,"debit",,"mrmyamashita@gmail.com",
"purchase/sale","2023-04-11T13:44:27+00",0.0124047,"BTC",498.84,"CAD","40214.3986","sale",,,
"purchase/sale","2023-04-11T13:44:46+00",0.08447559156735356,"ETH",214.72,"CAD","2541.8242","sale",,,
"fiat cashout","2023-04-14T21:49:26+00",713.56,"CAD",,,,"debit",,"mrmyamashita@gmail.com",
"crypto funding","2023-09-23T22:38:12+00",,,0.2160532,"ETH",,"credit","2146.4774",,"0xf01dd4f729e818bb6fbb2dee4a7d226722c2c984756748790a00297d6707320f"
"purchase/sale","2023-09-23T22:48:00+00",0.2160532,"ETH",456.56,"CAD","2113.2022","sale",,,
"card transactions","2023-10-03T19:22:31+00",34.34,"CAD",,,,"debit",,"SAFEWAY 8919",
"purchase/sale","2023-10-03T19:22:35+00",1.66,"CAD",0.00004366,"BTC","38016.9948","purchase",,,
"card transactions","2023-10-05T15:30:48+00",34.5,"CAD",,,,"debit",,"SAFEWAY 8919",
"purchase/sale","2023-10-05T15:30:50+00",1.5,"CAD",0.00003896,"BTC","38499.9646","purchase",,,
"card transactions","2023-10-05T15:42:37+00",7.62,"CAD",,,,"debit",,"SAVE ON FOODS 6635",
"purchase/sale","2023-10-05T15:42:41+00",1.38,"CAD",0.00003593,"BTC","38399.9809","purchase",,,
"card cashbacks","2023-10-06T08:12:38+00",,,0.0000179,"BTC",,"credit","37895.9354","@cashbacks",
"card cashbacks","2023-10-07T08:43:55+00",,,0.00000392,"BTC",,"credit","38330.4086","@cashbacks",
"card transactions","2023-10-07T14:43:04+00",13.79,"CAD",,,,"debit",,"SAVE ON FOODS 6635",
"purchase/sale","2023-10-07T14:43:10+00",1.21,"CAD",0.00003121,"BTC","38762.8047","purchase",,,
"card cashbacks","2023-10-08T09:53:22+00",,,0.00001782,"BTC",,"credit","38228.4535","@cashbacks",
"card transactions","2023-10-08T20:27:00+00",22.52,"CAD",,,,"debit",,"SAFEWAY 8919",
"purchase/sale","2023-10-08T20:27:05+00",1.48,"CAD",0.00003832,"BTC","38618.6170","purchase",,,
"card cashbacks","2023-10-09T08:41:56+00",,,0.00000716,"BTC",,"credit","38017.6637","@cashbacks",
"card cashbacks","2023-10-11T06:53:29+00",,,0.00001208,"BTC",,"credit","36797.1563","@cashbacks",
"card transactions","2023-10-21T20:58:53+00",20.3,"CAD",,,,"debit",,"SAVE ON FOODS 6635",
"purchase/sale","2023-10-21T20:58:55+00",1.7,"CAD",0.00004071,"BTC","41758.7754","purchase",,,
"card transactions","2023-10-21T21:08:43+00",14.69,"CAD",,,,"debit",,"PET PLANET CANMORE",
"purchase/sale","2023-10-21T21:08:45+00",1.31,"CAD",0.00003135,"BTC","41779.6429","purchase",,,
"card cashbacks","2023-10-22T10:43:16+00",,,0.00000704,"BTC",,"credit","41159.7688","@cashbacks",
"card cashbacks","2023-10-23T08:34:50+00",,,0.00000956,"BTC",,"credit","41924.0386","@cashbacks",
"card transactions","2023-10-26T18:18:32+00",41.39,"CAD",,,,"debit",,"SAFEWAY 8919",
"purchase/sale","2023-10-26T18:18:35+00",1.61,"CAD",0.00003383,"BTC","47585.5466","purchase",,,
"card transactions","2023-10-27T00:46:33+00",15.31,"CAD",,,,"debit",,"AW  1589",
"purchase/sale","2023-10-27T00:46:35+00",1.69,"CAD",0.00003546,"BTC","47654.2260","purchase",,,
"card cashbacks","2023-10-28T07:32:32+00",,,0.00000638,"BTC",,"credit","47342.4087","@cashbacks",
"card transactions","2023-10-28T15:19:08+00",29.88,"CAD",,,,"debit",,"SAFEWAY 8919",
"purchase/sale","2023-10-28T15:19:10+00",1.12,"CAD",0.00002333,"BTC","47987.3757","purchase",,,
"card cashbacks","2023-10-29T09:54:55+00",,,0.00001719,"BTC",,"credit","47542.7946","@cashbacks",
"card transactions","2023-10-29T14:47:59+00",6.69,"CAD",,,,"debit",,"SAVE ON FOODS 6635",
"purchase/sale","2023-10-29T14:48:05+00",1.31,"CAD",0.00002703,"BTC","48463.7771","purchase",,,
"card cashbacks","2023-10-31T06:42:52+00",,,0.00001243,"BTC",,"credit","47477.4853","@cashbacks",
"card cashbacks","2023-10-31T07:04:07+00",,,0.00000278,"BTC",,"credit","47441.5203","@cashbacks",
"card transactions","2023-12-13T20:17:14+00",31.02,"CAD",,,,"debit",,"FRESON BROS 6",
"purchase/sale","2023-12-13T20:17:20+00",1.98,"CAD",0.00003392,"BTC","58371.9576","purchase",,,
"card cashbacks","2023-12-15T09:42:39+00",,,0.00001067,"BTC",,"credit","57398.4545","@cashbacks",
"card transactions","2023-12-15T13:34:43+00",4.24,"CAD",,,,"debit",,"TIM HORTONS 6931",
"purchase/sale","2023-12-15T13:34:46+00",1.76,"CAD",0.0000306,"BTC","57505.0278","purchase",,,
"card transactions","2023-12-15T20:25:12+00",33.36,"CAD",,,,"debit",,"SAFEWAY 8919",
"purchase/sale","2023-12-15T20:25:15+00",1.64,"CAD",0.00002872,"BTC","57084.7601","purchase",,,
"card cashbacks","2023-12-16T14:13:53+00",,,0.00000147,"BTC",,"credit","56864.3155","@cashbacks",
"card cashbacks","2023-12-18T06:52:57+00",,,0.00001196,"BTC",,"credit","55058.6534","@cashbacks",
"card transactions","2023-12-21T23:34:47+00",19.15,"CAD",,,,"debit",,"FRESHCO 8932",
"purchase/sale","2023-12-21T23:34:50+00",1.85,"CAD",0.00003128,"BTC","59124.9474","purchase",,,
"card cashbacks","2023-12-24T10:24:10+00",,,0.00000653,"BTC",,"credit","57876.5781","@cashbacks",
"card transactions","2023-12-29T16:50:22+00",9.23,"CAD",,,,"debit",,"McDonalds 10429",
"purchase/sale","2023-12-29T16:50:25+00",1.77,"CAD",0.00003135,"BTC","56452.1635","purchase",,,
"card cashbacks","2023-12-31T10:03:10+00",,,0.00000321,"BTC",,"credit","56683.2451","@cashbacks",
"card transactions","2023-12-31T22:11:37+00",27.64,"CAD",,,,"debit",,"BC LIQUOR 208",
"purchase/sale","2023-12-31T22:11:40+00",1.36,"CAD",0.00002383,"BTC","57055.0773","purchase",,,
"card transactions","2024-01-01T23:17:56+00",55.34,"CAD",,,,"debit",,"HECTORS YOUR INDEPENDANT",
"purchase/sale","2024-01-01T23:18:00+00",1.66,"CAD",0.00002832,"BTC","58613.9404","purchase",,,
"card cashbacks","2024-01-02T06:43:19+00",,,0.00000908,"BTC",,"credit","60100.7450","@cashbacks",
"card cashbacks","2024-01-02T10:43:54+00",,,0.00001807,"BTC",,"credit","60473.6384","@cashbacks",